ZONA,DISTRITO
LIMA NORTE,SANTA ROSA
LIMA NORTE,PUENTE PIEDRA
LIMA NORTE,ANCON
LIMA NORTE,CARABAYLLO
LIMA NORTE,INDEPENDENCIA
LIMA NORTE,COMAS
LIMA NORTE,SAN MARTIN DE PORRES
LIMA NORTE,LOS OLIVOS
LIMA CENTRO,RIMAC
LIMA CENTRO,LA VICTORIA
LIMA CENTRO,LIMA
LIMA CENTRO,BREÑA
LIMA CENTRO,SAN LUIS
LIMA MODERNA,BARRANCO
LIMA MODERNA,SURQUILLO
LIMA MODERNA,LINCE
LIMA MODERNA,MAGDALENA DEL MAR
LIMA MODERNA,SANTIAGO DE SURCO
LIMA MODERNA,SAN MIGUEL
LIMA MODERNA,LA MOLINA
LIMA MODERNA,JESUS MARÍA
LIMA MODERNA,PUEBLO LIBRE
LIMA MODERNA,SAN BORJA
LIMA MODERNA,MIRAFLORES
LIMA MODERNA,SAN ISIDRO
LIMA ESTE,LURIGANCHO
LIMA ESTE,SAN JUAN DE LURIGANCHO
LIMA ESTE,ATE
LIMA ESTE,EL AGUSTINO
LIMA ESTE,SANTA ANITA
LIMA ESTE,CHACLACAYO
LIMA SUR,CHORRILLOS
LIMA SUR,LURIN
LIMA SUR,PACHACAMAC
LIMA SUR,PUCUSANA
LIMA SUR,PUNTA HERMOSA
LIMA SUR,SAN JUAN DE MIRAFLORES
LIMA SUR,VILLA EL SALVADOR
LIMA SUR,VILLA MARIA DEL TRIUNFO
